{
    "total_sales": 1133940.249999994,
    "total_quantity": 4990,
    "average_sales": 1236.5760632497208,
    "sales_by_region": {
        "Central": 277957.3499999999,
        "East": 228498.96000000005,
        "South": 228040.48999999996,
        "North": 226662.80999999997,
        "West": 172780.64000000004
    },
    "sales_by_item": {
        "GPU": 562496.25,
        "Laptop": 161496.77,
        "CPU": 149196.27,
        "Motherboard": 116996.1,
        "RAM": 52385.97,
        "Monitor": 51715.69,
        "Harddrive": 18646.26999999999,
        "SSD": 13716.569999999994,
        "Keyboard": 13320.0,
        "Headphones": 6676.659999999997,
        "Mouse": 6028.229999999997,
        "Charger": 4045.9499999999994,
        "Monster": 1691.7600000000016,
        "Marker": 741.5200000000001
    },
    "quantity_by_region": {
        "Central": 1142,
        "South": 1029,
        "North": 966,
        "East": 958,
        "West": 895
    },
    "quantity_by_item": {
        "Monitor": 431,
        "Monster": 424,
        "Charger": 405,
        "RAM": 403,
        "Motherboard": 390,
        "Mouse": 377,
        "GPU": 375,
        "Harddrive": 373,
        "CPU": 373,
        "SSD": 343,
        "Headphones": 334,
        "Keyboard": 333,
        "Laptop": 323,
        "Marker": 248
    },
    "sales_by_date": {
        "2024-03": 7504.999999999999,
        "2024-04": 68419.80000000002,
        "2024-05": 102763.89999999998,
        "2024-06": 72905.20999999999,
        "2024-07": 119076.87,
        "2024-08": 106197.81000000007,
        "2024-09": 90940.62000000001,
        "2024-10": 102170.59999999995,
        "2024-11": 88357.68,
        "2024-12": 115461.78000000004,
        "2025-01": 80432.64000000001,
        "2025-02": 71102.14,
        "2025-03": 88368.51000000004
    },
    "quantity_by_date": {
        "2024-03": 104,
        "2024-04": 376,
        "2024-05": 542,
        "2024-06": 283,
        "2024-07": 443,
        "2024-08": 462,
        "2024-09": 438,
        "2024-10": 447,
        "2024-11": 362,
        "2024-12": 468,
        "2025-01": 345,
        "2025-02": 299,
        "2025-03": 398
    },
    "customer_experience_counts": {
        "1": 215,
        "2": 237,
        "3": 258,
        "4": 228,
        "5": 12
    }
}