{
    "total_sales": 1175008.2999999952,
    "total_quantity": 5117,
    "average_sales": 1295.488754134504,
    "sales_by_region": {
        "South": 247274.87,
        "East": 222250.08000000002,
        "West": 237579.47000000012,
        "Central": 253798.41000000006,
        "North": 214105.47000000012
    },
    "sales_by_item": {
        "Motherboard": 114896.16999999997,
        "Monitor": 45236.229999999996,
        "GPU": 587996.08,
        "SSD": 18835.289999999994,
        "Mouse": 5644.469999999995,
        "Keyboard": 14040.0,
        "RAM": 38607.03000000001,
        "CPU": 146796.33000000002,
        "Monster": 1248.8700000000006,
        "Harddrive": 20545.890000000007,
        "Headphones": 8355.819999999998,
        "Charger": 3596.399999999999,
        "Laptop": 190496.19000000003,
        "Marker": 1151.1500000000005
    },
    "quantity_by_region": {
        "South": 971,
        "East": 982,
        "West": 903,
        "Central": 1123,
        "North": 1138
    },
    "quantity_by_item": {
        "Motherboard": 383,
        "Monitor": 377,
        "GPU": 392,
        "SSD": 471,
        "Mouse": 353,
        "Keyboard": 351,
        "RAM": 297,
        "CPU": 367,
        "Monster": 313,
        "Harddrive": 411,
        "Headphones": 418,
        "Charger": 360,
        "Laptop": 381,
        "Marker": 385
    },
    "sales_by_date": {
        "2024-03": 14933.18,
        "2024-04": 119729.40999999997,
        "2024-05": 72092.34,
        "2024-06": 100858.91,
        "2024-07": 74065.88000000002,
        "2024-08": 63945.46000000004,
        "2024-09": 132254.63,
        "2024-10": 69578.20000000003,
        "2024-11": 133949.86999999997,
        "2024-12": 110485.65000000001,
        "2025-01": 113392.36000000003,
        "2025-02": 59846.63000000001,
        "2025-03": 86845.53999999998
    },
    "quantity_by_date": {
        "2024-03": 83,
        "2024-04": 502,
        "2024-05": 384,
        "2024-06": 441,
        "2024-07": 433,
        "2024-08": 471,
        "2024-09": 363,
        "2024-10": 399,
        "2024-11": 564,
        "2024-12": 364,
        "2025-01": 408,
        "2025-02": 361,
        "2025-03": 366
    }
}
