{
    "total_sales": 1099847.0199999951,
    "average_sales": 1219.342594235028,
    "sales_by_region": {
        "East": 276383.9199999999,
        "Central": 177673.15000000005,
        "South": 186457.56000000008,
        "West": 199168.2300000001,
        "North": 260164.16000000012
    }
}